lastUpdated,title,url
" This page was last edited on 24 April 2024, at 15:54",,https://en.wikipedia.org/wiki/Kevin_Bacon
" This page was last edited on 13 April 2024, at 16:26",,https://en.wikipedia.org/wiki/Michael_Bacon_(musician)
" This page was last edited on 12 June 2022, at 14:34",,https://en.wikipedia.org/wiki/Kevin_Bacon_(disambiguation)
" This page was last edited on 10 November 2023, at 20:01",,https://en.wikipedia.org/wiki/Leading_man
" This page was last edited on 7 March 2024, at 23:59",,https://en.wikipedia.org/wiki/Main_Page
" This page was last edited on 27 April 2024, at 02:38",,https://en.wikipedia.org/wiki/Edmund_Bacon_(architect)
" This page was last edited on 26 April 2024, at 02:41",,https://en.wikipedia.org/wiki/Kevin_Bacon_filmography
" This page was last edited on 2 May 2024, at 08:30",,https://en.wikipedia.org/wiki/Sosie_Bacon
" This page was last edited on 2 March 2024, at 17:43",,https://en.wikipedia.org/wiki/Kyra_Sedgwick
" This page was last edited on 1 May 2024, at 23:20",,https://en.wikipedia.org/wiki/Golden_Globe_Award
" This page was last edited on 6 May 2024, at 02:52",,https://en.wikipedia.org/wiki/Character_actor
" This page was last edited on 5 May 2024, at 00:25",,https://en.wikipedia.org/wiki/Screen_Actors_Guild_Award
" This page was last edited on 27 March 2024, at 20:48", (1984 film),https://en.wikipedia.org/wiki/Footloose_(1984_film)
" This page was last edited on 30 March 2024, at 17:33",,https://en.wikipedia.org/wiki/Primetime_Emmy_Award
" This page was last edited on 24 April 2024, at 13:35",Animal House,https://en.wikipedia.org/wiki/National_Lampoon%27s_Animal_House
" This page was last edited on 17 April 2024, at 12:07",,https://en.wikipedia.org/wiki/Sam_Elliott
" This page was last edited on 6 May 2024, at 13:06",,https://en.wikipedia.org/wiki/Philadelphia
" This page was last edited on 2 May 2024, at 12:04",,https://en.wikipedia.org/wiki/Sam_Rockwell
" This page was last edited on 5 April 2024, at 19:32",,https://en.wikipedia.org/wiki/Alexander_Skarsg%C3%A5rd
" This page was last edited on 29 April 2024, at 23:46",,https://en.wikipedia.org/wiki/Kevin_Kline
" This page was last edited on 16 April 2024, at 17:05",,https://en.wikipedia.org/wiki/Jeremy_Irons
" This page was last edited on 4 May 2024, at 05:11",,https://en.wikipedia.org/wiki/Paul_Newman
" This page was last edited on 5 May 2024, at 23:01",,https://en.wikipedia.org/wiki/Saturn_Award
